,Coef.,Std.Err.,t,P>|t|,[0.025,0.975]
Intercept,5.36,0.22,23.92,0.00,4.92,5.80
C(HandMade)[T.1.0],0.29,0.05,5.39,0.00,0.18,0.40
C(MaterialGrade)[T.2.0],0.05,0.07,0.64,0.52,-0.10,0.19
C(MaterialGrade)[T.3.0],-0.02,0.19,-0.13,0.90,-0.40,0.36
C(PrimaryMaterial)[T.Alcantara],-0.59,0.20,-2.99,0.00,-0.97,-0.20
C(PrimaryMaterial)[T.Alligator],-0.08,0.24,-0.34,0.74,-0.56,0.40
C(PrimaryMaterial)[T.Alran],-0.94,0.18,-5.30,0.00,-1.29,-0.59
C(PrimaryMaterial)[T.Antelope leather],-0.26,0.31,-0.85,0.39,-0.87,0.34
C(PrimaryMaterial)[T.Art Wax leather],-0.61,0.32,-1.93,0.05,-1.23,0.01
C(PrimaryMaterial)[T.Badalassi],-0.92,0.33,-2.82,0.00,-1.57,-0.28
C(PrimaryMaterial)[T.Badalassi  Leather],-0.51,0.18,-2.81,0.01,-0.87,-0.15
C(PrimaryMaterial)[T.Badalassi Wax],-0.84,0.16,-5.25,0.00,-1.16,-0.53
C(PrimaryMaterial)[T.Barenia],-0.86,0.18,-4.82,0.00,-1.21,-0.51
C(PrimaryMaterial)[T.Barenia Leather],-0.57,0.32,-1.81,0.07,-1.19,0.05
C(PrimaryMaterial)[T.Black Diamond],-0.73,0.18,-4.00,0.00,-1.08,-0.37
C(PrimaryMaterial)[T.Butero leather],-0.99,0.32,-3.09,0.00,-1.61,-0.36
C(PrimaryMaterial)[T.Buttero],-0.61,0.25,-2.46,0.01,-1.10,-0.12
C(PrimaryMaterial)[T.Buttero Leather],-1.19,0.25,-4.82,0.00,-1.67,-0.70
C(PrimaryMaterial)[T.Buttero leather],-0.54,0.32,-1.70,0.09,-1.16,0.08
C(PrimaryMaterial)[T.Buttero leather ],-0.57,0.32,-1.81,0.07,-1.19,0.05
C(PrimaryMaterial)[T.Butterro],-0.94,0.18,-5.30,0.00,-1.29,-0.59
C(PrimaryMaterial)[T.Calf],-0.88,0.17,-5.12,0.00,-1.21,-0.54
C(PrimaryMaterial)[T.Calf ],-0.81,0.25,-3.18,0.00,-1.31,-0.31
C(PrimaryMaterial)[T.Calfskin],-0.55,0.34,-1.63,0.10,-1.21,0.11
C(PrimaryMaterial)[T.Canvas],-1.03,0.19,-5.55,0.00,-1.40,-0.67
C(PrimaryMaterial)[T.Canvas & Leather],-0.47,0.32,-1.48,0.14,-1.09,0.15
C(PrimaryMaterial)[T.Chevre],-0.59,0.25,-2.39,0.02,-1.08,-0.11
C(PrimaryMaterial)[T.Crocodile],-0.56,0.24,-2.30,0.02,-1.04,-0.08
C(PrimaryMaterial)[T.Deployant Sailcloth],-1.03,0.32,-3.28,0.00,-1.65,-0.42
C(PrimaryMaterial)[T.Dollaro Leather],-1.06,0.18,-5.77,0.00,-1.43,-0.70
C(PrimaryMaterial)[T.Embossed Calfskin],-0.60,0.22,-2.76,0.01,-1.03,-0.17
C(PrimaryMaterial)[T.Embossed Ostrich],-0.53,0.26,-2.01,0.04,-1.05,-0.01
C(PrimaryMaterial)[T.Embossed Python],-0.53,0.33,-1.62,0.11,-1.17,0.11
C(PrimaryMaterial)[T.Embossed aligator],-1.14,0.23,-4.87,0.00,-1.60,-0.68
C(PrimaryMaterial)[T.Engraved Leather],-0.42,0.25,-1.71,0.09,-0.91,0.06
C(PrimaryMaterial)[T.Epsom Calfskin],-0.93,0.16,-5.86,0.00,-1.25,-0.62
C(PrimaryMaterial)[T.French Calfskin],-0.38,0.21,-1.84,0.07,-0.79,0.03
C(PrimaryMaterial)[T.Goat Leather],-0.97,0.18,-5.27,0.00,-1.33,-0.61
C(PrimaryMaterial)[T.Goat Skin],-0.60,0.25,-2.37,0.02,-1.09,-0.10
C(PrimaryMaterial)[T.Goat leather],-0.61,0.32,-1.93,0.05,-1.23,0.01
C(PrimaryMaterial)[T.Goatskin],-1.42,0.31,-4.61,0.00,-2.03,-0.82
C(PrimaryMaterial)[T.Horse Leather],-0.39,0.32,-1.19,0.23,-1.02,0.25
C(PrimaryMaterial)[T.HorwHorween Chromexcel],-0.49,0.32,-1.54,0.12,-1.11,0.13
C(PrimaryMaterial)[T.Horween Chromexcel],-0.56,0.19,-2.97,0.00,-0.93,-0.19
C(PrimaryMaterial)[T.Horween Leather],-1.20,0.22,-5.44,0.00,-1.63,-0.77
C(PrimaryMaterial)[T.Italian Calf],-1.07,0.18,-5.91,0.00,-1.42,-0.71
C(PrimaryMaterial)[T.Kudu Leather],-0.49,0.32,-1.54,0.12,-1.11,0.13
C(PrimaryMaterial)[T.Leather],-1.01,0.18,-5.59,0.00,-1.37,-0.66
C(PrimaryMaterial)[T.Lizard],-0.68,0.24,-2.82,0.01,-1.15,-0.21
C(PrimaryMaterial)[T.Maya Leather],-1.19,0.25,-4.82,0.00,-1.67,-0.70
C(PrimaryMaterial)[T.Minerva Box],-0.94,0.18,-5.23,0.00,-1.30,-0.59
C(PrimaryMaterial)[T.Minervera Box],-0.95,0.32,-2.93,0.00,-1.58,-0.31
C(PrimaryMaterial)[T.Nubuck],-0.62,0.31,-1.99,0.05,-1.24,-0.01
C(PrimaryMaterial)[T.Nubuck Leather ],-0.54,0.20,-2.75,0.01,-0.93,-0.15
C(PrimaryMaterial)[T.Nylon],-1.28,0.25,-5.13,0.00,-1.77,-0.79
C(PrimaryMaterial)[T.Ostrich],-0.28,0.26,-1.10,0.27,-0.79,0.22
C(PrimaryMaterial)[T.Ostrich ],-0.55,0.26,-2.14,0.03,-1.05,-0.04
C(PrimaryMaterial)[T.Ostrich Skin],-0.43,0.37,-1.17,0.24,-1.15,0.29
C(PrimaryMaterial)[T.Ostrich leg],-0.77,0.25,-3.12,0.00,-1.25,-0.29
C(PrimaryMaterial)[T.Ostrich skin],-0.45,0.32,-1.43,0.15,-1.07,0.17
C(PrimaryMaterial)[T.Panerai Calfskin],-0.42,0.33,-1.29,0.20,-1.06,0.22
C(PrimaryMaterial)[T.Patina Leather],-0.38,0.21,-1.83,0.07,-0.78,0.03
C(PrimaryMaterial)[T.Pebbled Leather],-0.54,0.23,-2.35,0.02,-0.99,-0.09
C(PrimaryMaterial)[T.Pig Skin],-0.65,0.34,-1.90,0.06,-1.32,0.02
C(PrimaryMaterial)[T.Pig skin],-0.46,0.33,-1.39,0.16,-1.10,0.19
C(PrimaryMaterial)[T.Pigskin],-1.54,0.32,-4.86,0.00,-2.16,-0.92
C(PrimaryMaterial)[T.Pineapple],-0.61,0.32,-1.93,0.05,-1.23,0.01
C(PrimaryMaterial)[T.Pitted Calfskin],-0.65,0.34,-1.90,0.06,-1.32,0.02
C(PrimaryMaterial)[T.Premium Canvas],-0.61,0.32,-1.93,0.05,-1.23,0.01
C(PrimaryMaterial)[T.Pueblo Leather],-0.62,0.27,-2.34,0.02,-1.15,-0.10
C(PrimaryMaterial)[T.Pueblo leather],-0.74,0.32,-2.35,0.02,-1.37,-0.12
C(PrimaryMaterial)[T.Rubber],-0.95,0.18,-5.33,0.00,-1.30,-0.60
C(PrimaryMaterial)[T.Saffiano],-1.12,0.18,-6.14,0.00,-1.47,-0.76
C(PrimaryMaterial)[T.Saffiano Leather],-0.63,0.21,-3.07,0.00,-1.04,-0.23
C(PrimaryMaterial)[T.Sail Cloth],-1.42,0.25,-5.64,0.00,-1.92,-0.93
C(PrimaryMaterial)[T.Sailcloth],-0.99,0.32,-3.08,0.00,-1.61,-0.36
C(PrimaryMaterial)[T.Salicloth],-0.99,0.33,-3.04,0.00,-1.63,-0.35
C(PrimaryMaterial)[T.Salmon],-0.23,0.32,-0.73,0.47,-0.85,0.39
C(PrimaryMaterial)[T.Shark Skin],-0.68,0.24,-2.78,0.01,-1.16,-0.20
C(PrimaryMaterial)[T.Shark skin],-0.82,0.37,-2.21,0.03,-1.55,-0.09
C(PrimaryMaterial)[T.Sharkskin],-0.69,0.29,-2.40,0.02,-1.26,-0.13
C(PrimaryMaterial)[T.Sheepskin],-0.91,0.23,-4.05,0.00,-1.36,-0.47
C(PrimaryMaterial)[T.Shell Cordovan],-0.50,0.23,-2.18,0.03,-0.95,-0.05
C(PrimaryMaterial)[T.Snake Skin],-0.72,0.25,-2.93,0.00,-1.21,-0.24
C(PrimaryMaterial)[T.Stingray],-0.58,0.25,-2.34,0.02,-1.07,-0.09
C(PrimaryMaterial)[T.Stringray],-0.86,0.32,-2.72,0.01,-1.47,-0.24
C(PrimaryMaterial)[T.Sturgeon],0.23,0.32,0.72,0.47,-0.39,0.85
C(PrimaryMaterial)[T.Suede],-0.76,0.17,-4.42,0.00,-1.09,-0.42
C(PrimaryMaterial)[T.Suede Leather],-1.09,0.17,-6.49,0.00,-1.42,-0.76
C(PrimaryMaterial)[T.Swift],-1.04,0.16,-6.47,0.00,-1.36,-0.73
C(PrimaryMaterial)[T.Swift Leather],-0.50,0.32,-1.59,0.11,-1.12,0.12
C(PrimaryMaterial)[T.Swift leather],-0.47,0.32,-1.48,0.14,-1.09,0.15
C(PrimaryMaterial)[T.Technical Fabric],-0.37,0.26,-1.42,0.16,-0.89,0.14
C(PrimaryMaterial)[T.Togo leather],-0.58,0.25,-2.27,0.02,-1.08,-0.08
C(PrimaryMaterial)[T.Vegan Leather],-0.89,0.18,-4.89,0.00,-1.25,-0.53
C(PrimaryMaterial)[T.Walpier Dollaro Pebble Grain leather],-0.54,0.25,-2.17,0.03,-1.03,-0.05
C(PrimaryMaterial)[T.Wickett & Craig Leather],-0.47,0.32,-1.48,0.14,-1.09,0.15
C(PrimaryMaterial)[T.alligator],-0.50,0.25,-1.99,0.05,-1.00,-0.01
C(PrimaryMaterial)[T.leather],-0.77,0.23,-3.36,0.00,-1.22,-0.32
C(PrimaryMaterial)[T.polyester],-0.81,0.25,-3.18,0.00,-1.31,-0.31
C(PrimaryMaterial)[T.suede],-0.41,0.32,-1.28,0.20,-1.04,0.22
C(Straptype)[T.Curved End],-0.13,0.08,-1.55,0.12,-0.29,0.03
C(Straptype)[T.Custom],-0.04,0.10,-0.44,0.66,-0.23,0.15
C(Straptype)[T.Double tour],0.08,0.08,1.01,0.31,-0.08,0.24
C(Straptype)[T.Fixed Bar],-0.11,0.10,-1.08,0.28,-0.30,0.09
C(Straptype)[T.Nato],0.25,0.09,2.69,0.01,0.07,0.43
C(Straptype)[T.Notched],-0.15,0.10,-1.59,0.11,-0.34,0.04
C(Straptype)[T.Open Ended],-0.26,0.10,-2.68,0.01,-0.45,-0.07
C(Straptype)[T.Pilot],-0.10,0.08,-1.34,0.18,-0.25,0.05
C(Straptype)[T.Rally],-0.20,0.07,-2.80,0.01,-0.34,-0.06
C(Straptype)[T.Ridge],0.26,0.21,1.24,0.21,-0.15,0.67
C(Straptype)[T.Rivet],-0.01,0.23,-0.03,0.98,-0.46,0.45
C(Straptype)[T.Single Folding],-0.29,0.10,-3.00,0.00,-0.48,-0.10
C(Straptype)[T.Sport],0.31,0.29,1.08,0.28,-0.26,0.89
C(Straptype)[T.Traditional],-0.13,0.07,-1.97,0.05,-0.26,0.00
C(Straptype)[T.Vintage],-0.10,0.10,-1.00,0.32,-0.30,0.10
C(BuckleType)[T.Traditional],0.03,0.04,0.63,0.53,-0.06,0.11
C(BuckleMaterial)[T.Premium Steel],-0.40,0.13,-3.15,0.00,-0.64,-0.15
C(BuckleMaterial)[T.Steel],-0.31,0.09,-3.32,0.00,-0.50,-0.13
C(BuckleMaterial)[T.brushed stainless],-0.73,0.08,-9.38,0.00,-0.88,-0.58
C(BuckleMaterial)[T.non-steel],-0.74,0.30,-2.45,0.01,-1.33,-0.15
C(Stitching_Style)[T.Double Side Stitching],-0.19,0.10,-1.93,0.05,-0.39,0.00
C(Stitching_Style)[T.Minimal Stitching],0.05,0.10,0.46,0.65,-0.16,0.25
C(Stitching_Style)[T.No Stitching],-0.14,0.15,-0.91,0.36,-0.44,0.16
C(Stitching_Style)[T.Standard ],-0.04,0.08,-0.58,0.56,-0.20,0.11
C(SellerType)[T.2.0],-0.03,0.06,-0.46,0.65,-0.16,0.10
C(SellerType)[T.3.0],0.66,0.08,8.58,0.00,0.51,0.81
