Variable,Log Coef,% Effect
Intercept,4.354847552339027,7685.49556262159
C(Platform)[T.marketplace],1.8064429127191652,508.8750648942358
C(SellerType)[T.3.0],1.6161807358738438,403.3828037272275
C(SellerType)[T.2.0],0.9322239037459956,154.01519542426107
C(Platform)[T.Website],0.8594372131022482,136.183111200077
C(HandMade)[T.1.0],0.266204748951914,30.50022291732246
C(Straptype)[T.Ridge],0.25961076119520987,29.642536938308982
C(Straptype)[T.Sport],0.24821461068995632,28.173497670691127
C(Straptype)[T.Nato],0.23784214866125628,26.85089411857573
C(Straptype)[T.Double tour],0.07801240704297563,8.113607228858278
C(BuckleType)[T.Deployant Clasp],0.0750281032902178,7.791444340140274
C(MaterialGrade)[T.2.0],0.05645546310279631,5.807949017335434
C(Stitching_Style)[T.Minimal Stitching],0.030164353576101033,3.062390675931348
C(BuckleType)[T.Traditional],0.01103491548013686,1.1096024731585885
C(MaterialGrade)[T.3.0],0.0035253198788676166,0.3531541127474114
C(Straptype)[T.Rivet],-0.008465260034606015,-0.8429530611580027
C(Stitching_Style)[T.Standard / No stiching],-0.02963479395422139,-2.919998915085431
C(Straptype)[T.Vintage],-0.04379491131979307,-4.284976197602475
C(Straptype)[T.Custom],-0.04483611057545467,-4.384582745011068
C(Straptype)[T.Pilot],-0.10508558799196988,-9.97525310842623
C(Straptype)[T.Fixed Bar],-0.11000860984112798,-10.417357765984992
C(Straptype)[T.Traditional],-0.13926911118285515,-13.000612812734946
C(Straptype)[T.Curved End],-0.13945952941697204,-13.017177505252597
C(Straptype)[T.Notched],-0.15478880166269735,-14.340392995342931
C(Stitching_Style)[T.No Stitching],-0.15488435051817828,-14.348577281747342
C(Stitching_Style)[T.Double Side Stitching],-0.17680166421739615,-16.20540372887973
C(Straptype)[T.Rally],-0.2029431182825449,-18.36753259455253
C(Straptype)[T.Open Ended],-0.26919207534436335,-23.600350333593024
C(BuckleMaterial)[T.Steel],-0.2756127040730996,-24.08931271637854
C(Straptype)[T.Single Folding],-0.29125596200952364,-25.26756331117698
C(BuckleMaterial)[T.Premium Steel],-0.37671332143228653,-31.38872604777806
C(PrimaryMaterial)[T.Sturgeon],-0.5828859966008171,-44.17151687686395
C(BuckleMaterial)[T.non-steel],-0.6688659249030631,-48.77107770731358
C(BuckleMaterial)[T.brushed stainless],-0.708588252455877,-50.766123488895786
C(PrimaryMaterial)[T.Alligator],-0.8660567759479456,-57.93931694991292
C(PrimaryMaterial)[T.Salmon],-1.039644399096539,-64.64196068868074
C(PrimaryMaterial)[T.Antelope leather],-1.115522088402496,-67.2255877181336
C(PrimaryMaterial)[T.Ostrich],-1.1354118698688147,-67.8710235493791
C(PrimaryMaterial)[T.Technical Fabric],-1.1717445659157821,-69.01740422936857
C(PrimaryMaterial)[T.French Calfskin],-1.196884589123372,-69.78659811818311
C(PrimaryMaterial)[T.Panerai Calfskin],-1.219577714057967,-70.46451351996026
C(PrimaryMaterial)[T.suede],-1.2206850044552862,-70.49719978058882
C(PrimaryMaterial)[T.Patina Leather],-1.2207609574766374,-70.49944052230717
C(PrimaryMaterial)[T.Engraved Leather],-1.2380589939993634,-71.00535400764281
C(PrimaryMaterial)[T.Ostrich Skin],-1.2570045856125174,-71.54950383327147
C(PrimaryMaterial)[T.Pig skin],-1.2612642226160977,-71.67043487548955
C(PrimaryMaterial)[T.Ostrich skin],-1.263103961360754,-71.722505960785
C(PrimaryMaterial)[T.Wickett & Craig Leather],-1.276033177160762,-72.08575843843197
C(PrimaryMaterial)[T.Swift leather],-1.2760331771607663,-72.08575843843208
C(PrimaryMaterial)[T.Canvas & Leather],-1.2760331771607771,-72.08575843843239
C(PrimaryMaterial)[T.Horse Leather],-1.2791311234553762,-72.1721014475872
C(PrimaryMaterial)[T.Kudu Leather],-1.2962358844782749,-72.64404326966314
C(PrimaryMaterial)[T.HorwHorween Chromexcel],-1.2962358844782775,-72.64404326966321
C(PrimaryMaterial)[T.Swift Leather],-1.3099347288364493,-73.01623315715105
C(PrimaryMaterial)[T.Calfskin],-1.3132784132639697,-73.10630768382215
C(PrimaryMaterial)[T.Embossed Python],-1.3249382297157788,-73.41806216796385
C(PrimaryMaterial)[T.Badalassi  Leather],-1.3263607350033304,-73.45584823327272
C(PrimaryMaterial)[T.Embossed Ostrich],-1.3321239565248697,-73.6083880773358
C(PrimaryMaterial)[T.Shell Cordovan],-1.332242932879443,-73.61152786832952
C(PrimaryMaterial)[T.Pebbled Leather],-1.3424928792216009,-73.88062681088122
C(PrimaryMaterial)[T.alligator],-1.343545470811273,-73.90810537903566
C(PrimaryMaterial)[T.Buttero leather],-1.345026048647708,-73.94670787586969
C(PrimaryMaterial)[T.Walpier Dollaro Pebble Grain leather],-1.3495566892687292,-74.06447898873031
C(PrimaryMaterial)[T.Nubuck Leather ],-1.351309477460534,-74.10989864655878
C(PrimaryMaterial)[T.Horween Chromexcel],-1.374047205486007,-74.6919385212902
C(PrimaryMaterial)[T.Ostrich ],-1.3768557325865514,-74.76291717841875
C(PrimaryMaterial)[T.Buttero leather ],-1.3813936928185657,-74.87718259458819
C(PrimaryMaterial)[T.Barenia Leather],-1.3813936928185995,-74.87718259458904
C(PrimaryMaterial)[T.Togo leather],-1.3885794196276544,-75.05706124372514
C(PrimaryMaterial)[T.Crocodile],-1.3921601619751074,-75.14621576585377
C(PrimaryMaterial)[T.Alcantara],-1.396842160075949,-75.2623091498605
C(PrimaryMaterial)[T.Chevre],-1.4046967144133133,-75.45585159695685
C(PrimaryMaterial)[T.Stingray],-1.4120019368801469,-75.63449873826788
C(PrimaryMaterial)[T.Pueblo Leather],-1.4182142135818685,-75.78539478479861
C(PrimaryMaterial)[T.Goat leather],-1.4191340208014251,-75.80765731330746
C(PrimaryMaterial)[T.Pineapple],-1.4191340208014265,-75.80765731330749
C(PrimaryMaterial)[T.Art Wax leather],-1.419134020801434,-75.80765731330766
C(PrimaryMaterial)[T.Premium Canvas],-1.4191340208014394,-75.8076573133078
C(PrimaryMaterial)[T.Buttero],-1.4191931959006043,-75.80908885522908
C(PrimaryMaterial)[T.Embossed Calfskin],-1.421073687347082,-75.8545369109863
C(PrimaryMaterial)[T.Goat Skin],-1.422662722344409,-75.89287442896557
C(PrimaryMaterial)[T.Saffiano Leather],-1.4438780740513089,-76.3989285379149
C(PrimaryMaterial)[T.Nubuck],-1.4507197088413661,-76.55984734795824
C(PrimaryMaterial)[T.Pig Skin],-1.4802115771091728,-77.24104694455075
C(PrimaryMaterial)[T.Pitted Calfskin],-1.480211577109177,-77.24104694455085
C(PrimaryMaterial)[T.Lizard],-1.5123816722611552,-77.9615531163683
C(PrimaryMaterial)[T.Shark Skin],-1.5144912015623389,-78.00799486348613
C(PrimaryMaterial)[T.Sharkskin],-1.5250089326356921,-78.23808870557049
C(PrimaryMaterial)[T.Black Diamond],-1.5373505977234152,-78.50501637238207
C(PrimaryMaterial)[T.Snake Skin],-1.5530715963100041,-78.84029660424336
C(PrimaryMaterial)[T.Suede],-1.5638929020368444,-79.06803777298893
C(PrimaryMaterial)[T.Pueblo leather],-1.5842034602188217,-79.48888927784648
C(PrimaryMaterial)[T.leather],-1.5911476892989498,-79.63082972550586
C(PrimaryMaterial)[T.Ostrich leg],-1.6019138098579444,-79.84895040475499
C(PrimaryMaterial)[T.polyester],-1.644100788117034,-80.68137999595746
C(PrimaryMaterial)[T.Calf ],-1.644100788117037,-80.68137999595753
C(PrimaryMaterial)[T.Badalassi Wax],-1.6542682770896509,-80.8768066689807
C(PrimaryMaterial)[T.Shark skin],-1.6553424941785748,-80.89733810047007
C(PrimaryMaterial)[T.Calf],-1.6584478492120898,-80.95656663733955
C(PrimaryMaterial)[T.Barenia],-1.6736721496046643,-81.2442938075112
C(PrimaryMaterial)[T.Stringray],-1.6805137056422863,-81.3721740736428
C(PrimaryMaterial)[T.Nylon],-1.6951237667355439,-81.64234930433601
C(PrimaryMaterial)[T.Vegan Leather],-1.7252502633688107,-82.18715328360896
C(PrimaryMaterial)[T.Badalassi],-1.7331179497601221,-82.32674930635804
C(PrimaryMaterial)[T.Epsom Calfskin],-1.7444628745430335,-82.52611795663046
C(PrimaryMaterial)[T.Sheepskin],-1.749553766292621,-82.61484954546226
C(PrimaryMaterial)[T.Alran],-1.7581420332653772,-82.76351854061994
C(PrimaryMaterial)[T.Butterro],-1.7581420332653783,-82.76351854061997
C(PrimaryMaterial)[T.Minervera Box],-1.760289274260324,-82.8004897130046
C(PrimaryMaterial)[T.Minerva Box],-1.7662399068537442,-82.90253376506314
C(PrimaryMaterial)[T.Rubber],-1.7717358551545757,-82.99624280965651
C(PrimaryMaterial)[T.Goat Leather],-1.786565748623821,-83.24654614414479
C(PrimaryMaterial)[T.Salicloth],-1.7875617516639075,-83.2632243279775
C(PrimaryMaterial)[T.Sailcloth],-1.7960491493588402,-83.40467487658107
C(PrimaryMaterial)[T.Butero leather],-1.8265275472800964,-83.9028435447073
C(PrimaryMaterial)[T.Leather],-1.8392923916489126,-84.10701535859846
C(PrimaryMaterial)[T.Deployant Sailcloth],-1.8440172147667035,-84.18192978177814
C(PrimaryMaterial)[T.Swift],-1.8575724732736312,-84.39490111093092
C(PrimaryMaterial)[T.Canvas],-1.8654621719750297,-84.5175362261746
C(PrimaryMaterial)[T.Dollaro Leather],-1.87833133922233,-84.71550605622255
C(PrimaryMaterial)[T.Italian Calf],-1.8922544812946733,-84.92683960938811
C(PrimaryMaterial)[T.Suede Leather],-1.9040650309441804,-85.10381477439937
C(PrimaryMaterial)[T.Saffiano],-1.926582011200806,-85.43548377753068
C(PrimaryMaterial)[T.Embossed aligator],-1.9436150178293155,-85.6814604706313
C(PrimaryMaterial)[T.Maya Leather],-2.0060304907857223,-86.54783990243222
C(PrimaryMaterial)[T.Buttero Leather],-2.0060304907857267,-86.54783990243227
C(PrimaryMaterial)[T.Horween Leather],-2.0209892095459265,-86.74756940896083
C(PrimaryMaterial)[T.Sail Cloth],-2.239854066345426,-89.35259586084837
C(PrimaryMaterial)[T.Goatskin],-2.2744911776115098,-89.71507728869057
C(PrimaryMaterial)[T.Pigskin],-2.3826097758561207,-90.76906438485622
