Feature,Importance
SellerType_3.0,0.2813182827344781
MaterialGrade,0.107718054389753
BuckleMaterial_brushed stainless,0.10537723758954698
HandMade,0.10432134618154693
PrimaryMaterial_Alligator,0.05316158787497416
Customisation,0.030411316696222362
BuckleType_Traditional,0.019957021235388308
Straptype_Traditional,0.017641439674625222
Straptype_Nato,0.01501033120257826
BuckleMaterial_Steel,0.01413605668511223
PrimaryMaterial_Rubber,0.011384779469602927
PrimaryMaterial_Epsom Calfskin,0.010899683069884196
PrimaryMaterial_Sail Cloth,0.010765904450108199
PrimaryMaterial_Italian Calf,0.010435491920523435
Stitching_Style_Standard / No stiching,0.008973728892932206
Platform_Website,0.008766476970448224
PrimaryMaterial_Swift,0.008686994033933327
PrimaryMaterial_Lizard,0.008154968960690916
PrimaryMaterial_Sturgeon,0.007538706237785932
PrimaryMaterial_Canvas,0.007351049275806055
Straptype_Double tour,0.006673223048505349
Straptype_Rally,0.006649763315941071
SellerType_2.0,0.006107598369325112
PrimaryMaterial_Badalassi Wax,0.0053685358160883035
PrimaryMaterial_Shell Cordovan,0.005340797007859192
PrimaryMaterial_Calf,0.0047448869001406125
PrimaryMaterial_Suede Leather,0.004714434173927882
PrimaryMaterial_Horween Leather,0.004678209660735893
PrimaryMaterial_Ostrich,0.004567605496895069
Platform_marketplace,0.0044382775611713976
Straptype_Vintage,0.004387200922075351
PrimaryMaterial_Vegan Leather,0.004143071652495445
PrimaryMaterial_Shark Skin,0.004138737999808308
Stitching_Style_Double Side Stitching,0.004093422439116994
PrimaryMaterial_Horween Chromexcel,0.004042022908118604
PrimaryMaterial_Goatskin,0.003956330209045174
PrimaryMaterial_Embossed Ostrich,0.0039117168796023866
PrimaryMaterial_Saffiano,0.003828722526414778
PrimaryMaterial_Leather,0.0035594944992204925
PrimaryMaterial_Dollaro Leather,0.0035519255185558324
PrimaryMaterial_Crocodile,0.003490408515343342
PrimaryMaterial_Nylon,0.003404600430169023
PrimaryMaterial_Badalassi  Leather,0.0033373276872076863
PrimaryMaterial_Black Diamond,0.002979906248565806
PrimaryMaterial_Ostrich leg,0.0029484357572918157
Stitching_Style_Minimal Stitching,0.0022070218417311067
PrimaryMaterial_Engraved Leather,0.0021886885197405044
Straptype_Open Ended,0.002034331540906751
Straptype_Single Folding,0.0019719605676424964
PrimaryMaterial_Maya Leather,0.0017616900178082115
PrimaryMaterial_Suede,0.0017458960130013938
BuckleMaterial_Premium Steel,0.0016700044220031745
PrimaryMaterial_Salicloth,0.0016653554666034905
PrimaryMaterial_Embossed aligator,0.0016259508378480623
PrimaryMaterial_Pigskin,0.0015257361192299946
Straptype_Sport,0.0014075857312745548
PrimaryMaterial_Salmon,0.001399506528660616
Straptype_Custom,0.0013715458409718875
PrimaryMaterial_Alcantara,0.0013641915184482982
PrimaryMaterial_Snake Skin,0.0012399453188491633
Straptype_Pilot,0.001174482556913218
PrimaryMaterial_Walpier Dollaro Pebble Grain leather,0.0011520268156830025
PrimaryMaterial_alligator,0.0011189532424465808
PrimaryMaterial_Stingray,0.0011078330604003663
PrimaryMaterial_Butero leather,0.0011054400551408384
PrimaryMaterial_Antelope leather,0.0010248978131620807
PrimaryMaterial_Sheepskin,0.0010190141413822993
Straptype_Curved End,0.0009937083185624696
PrimaryMaterial_Ostrich ,0.0009593248024662795
PrimaryMaterial_French Calfskin,0.0008174181704418234
Straptype_Fixed Bar,0.0007433594182797116
PrimaryMaterial_polyester,0.0007032137649035029
PrimaryMaterial_Technical Fabric,0.0006915611670084024
PrimaryMaterial_Pueblo leather,0.0005856973898256903
Stitching_Style_No Stitching,0.0005301590812317393
PrimaryMaterial_Alran,0.000521926356309725
PrimaryMaterial_Saffiano Leather,0.000520846944721507
PrimaryMaterial_Nubuck Leather ,0.0005031347948591556
PrimaryMaterial_Barenia,0.0004963074886679397
PrimaryMaterial_Butterro,0.0004919334194588677
PrimaryMaterial_Minerva Box,0.0004840654882721913
PrimaryMaterial_Goat Leather,0.0004777041288698994
PrimaryMaterial_Goat Skin,0.00047122516542398015
PrimaryMaterial_Wickett & Craig Leather,0.00047081040196709904
Straptype_Rivet,0.0004604293070368978
Straptype_Notched,0.00041767728602658917
PrimaryMaterial_Patina Leather,0.00038276307283641826
PrimaryMaterial_Swift leather,0.0003760758294228332
PrimaryMaterial_Buttero,0.00037301423059697713
PrimaryMaterial_Kudu Leather,0.00035516782512956264
PrimaryMaterial_Buttero leather,0.00035153373009615607
PrimaryMaterial_HorwHorween Chromexcel,0.0003464297371777225
PrimaryMaterial_Buttero Leather,0.0003089859290168781
PrimaryMaterial_Ostrich skin,0.0003086367820860748
PrimaryMaterial_Barenia Leather,0.00029897356250940517
PrimaryMaterial_Pineapple,0.0002931223059554696
PrimaryMaterial_Stringray,0.00027937306977641655
PrimaryMaterial_Calf ,0.00024447725797980055
PrimaryMaterial_leather,0.00019867253658609494
PrimaryMaterial_suede,8.091233647743793e-05
PrimaryMaterial_Togo leather,6.174909411486315e-05
BuckleType_Deployant Clasp,6.039327607044223e-05
PrimaryMaterial_Shark skin,5.362334696643108e-05
PrimaryMaterial_Ostrich Skin,5.33952838849541e-05
PrimaryMaterial_Sharkskin,4.175021677323255e-05
PrimaryMaterial_Horse Leather,3.7026142136362455e-05
PrimaryMaterial_Chevre,3.576512543486545e-05
PrimaryMaterial_Minervera Box,3.2847948225546773e-05
PrimaryMaterial_Badalassi,2.7297508954891584e-05
PrimaryMaterial_Calfskin,2.209690082800014e-05
PrimaryMaterial_Pebbled Leather,2.1708941606992375e-05
PrimaryMaterial_Buttero leather ,2.010862942968611e-05
PrimaryMaterial_Pueblo Leather,1.9892230711453643e-05
PrimaryMaterial_Embossed Python,6.421500541206883e-06
PrimaryMaterial_Premium Canvas,6.345488387506198e-06
PrimaryMaterial_Art Wax leather,6.014831688947404e-06
PrimaryMaterial_Embossed Calfskin,5.007709802359429e-06
PrimaryMaterial_Pig Skin,6.000741121755024e-07
PrimaryMaterial_Pitted Calfskin,1.435909394674635e-07
