Feature,Importance
SellerType_3.0,0.281318283
MaterialGrade,0.107718054
BuckleMaterial_brushed stainless,0.105377238
HandMade,0.104321346
PrimaryMaterial_Alligator,0.053161588
Customisation,0.030411317
BuckleType_Traditional,0.019957021
Straptype_Traditional,0.01764144
Straptype_Nato,0.015010331
BuckleMaterial_Steel,0.014136057
PrimaryMaterial_Rubber,0.011384779
PrimaryMaterial_Epsom Calfskin,0.010899683
PrimaryMaterial_Sail Cloth,0.010765904
PrimaryMaterial_Italian Calf,0.010435492
Stitching_Style_Standard / No stiching,0.008973729
Platform_Website,0.008766477
PrimaryMaterial_Swift,0.008686994
PrimaryMaterial_Lizard,0.008154969
PrimaryMaterial_Sturgeon,0.007538706
PrimaryMaterial_Canvas,0.007351049
Straptype_Double tour,0.006673223
Straptype_Rally,0.006649763
SellerType_2.0,0.006107598
PrimaryMaterial_Badalassi Wax,0.005368536
PrimaryMaterial_Shell Cordovan,0.005340797
PrimaryMaterial_Calf,0.004744887
PrimaryMaterial_Suede Leather,0.004714434
PrimaryMaterial_Horween Leather,0.00467821
PrimaryMaterial_Ostrich,0.004567605
Platform_marketplace,0.004438278
Straptype_Vintage,0.004387201
PrimaryMaterial_Vegan Leather,0.004143072
PrimaryMaterial_Shark Skin,0.004138738
Stitching_Style_Double Side Stitching,0.004093422
PrimaryMaterial_Horween Chromexcel,0.004042023
PrimaryMaterial_Goatskin,0.00395633
PrimaryMaterial_Embossed Ostrich,0.003911717
PrimaryMaterial_Saffiano,0.003828723
PrimaryMaterial_Leather,0.003559494
PrimaryMaterial_Dollaro Leather,0.003551926
PrimaryMaterial_Crocodile,0.003490409
PrimaryMaterial_Nylon,0.0034046
PrimaryMaterial_Badalassi  Leather,0.003337328
PrimaryMaterial_Black Diamond,0.002979906
PrimaryMaterial_Ostrich leg,0.002948436
Stitching_Style_Minimal Stitching,0.002207022
PrimaryMaterial_Engraved Leather,0.002188689
Straptype_Open Ended,0.002034332
Straptype_Single Folding,0.001971961
PrimaryMaterial_Maya Leather,0.00176169
PrimaryMaterial_Suede,0.001745896
BuckleMaterial_Premium Steel,0.001670004
PrimaryMaterial_Salicloth,0.001665355
PrimaryMaterial_Embossed aligator,0.001625951
PrimaryMaterial_Pigskin,0.001525736
Straptype_Sport,0.001407586
PrimaryMaterial_Salmon,0.001399507
Straptype_Custom,0.001371546
PrimaryMaterial_Alcantara,0.001364192
PrimaryMaterial_Snake Skin,0.001239945
Straptype_Pilot,0.001174483
PrimaryMaterial_Walpier Dollaro Pebble Grain leather,0.001152027
PrimaryMaterial_alligator,0.001118953
PrimaryMaterial_Stingray,0.001107833
PrimaryMaterial_Butero leather,0.00110544
PrimaryMaterial_Antelope leather,0.001024898
PrimaryMaterial_Sheepskin,0.001019014
Straptype_Curved End,0.000993708
PrimaryMaterial_Ostrich ,0.000959325
PrimaryMaterial_French Calfskin,0.000817418
Straptype_Fixed Bar,0.000743359
PrimaryMaterial_polyester,0.000703214
PrimaryMaterial_Technical Fabric,0.000691561
PrimaryMaterial_Pueblo leather,0.000585697
Stitching_Style_No Stitching,0.000530159
PrimaryMaterial_Alran,0.000521926
PrimaryMaterial_Saffiano Leather,0.000520847
PrimaryMaterial_Nubuck Leather ,0.000503135
PrimaryMaterial_Barenia,0.000496307
PrimaryMaterial_Butterro,0.000491933
PrimaryMaterial_Minerva Box,0.000484065
PrimaryMaterial_Goat Leather,0.000477704
PrimaryMaterial_Goat Skin,0.000471225
PrimaryMaterial_Wickett & Craig Leather,0.00047081
Straptype_Rivet,0.000460429
Straptype_Notched,0.000417677
PrimaryMaterial_Patina Leather,0.000382763
PrimaryMaterial_Swift leather,0.000376076
PrimaryMaterial_Buttero,0.000373014
PrimaryMaterial_Kudu Leather,0.000355168
PrimaryMaterial_Buttero leather,0.000351534
PrimaryMaterial_HorwHorween Chromexcel,0.00034643
PrimaryMaterial_Buttero Leather,0.000308986
PrimaryMaterial_Ostrich skin,0.000308637
PrimaryMaterial_Barenia Leather,0.000298974
PrimaryMaterial_Pineapple,0.000293122
PrimaryMaterial_Stringray,0.000279373
PrimaryMaterial_Calf ,0.000244477
PrimaryMaterial_leather,0.000198673
PrimaryMaterial_suede,8.09E-05
PrimaryMaterial_Togo leather,6.17E-05
BuckleType_Deployant Clasp,6.04E-05
PrimaryMaterial_Shark skin,5.36E-05
PrimaryMaterial_Ostrich Skin,5.34E-05
PrimaryMaterial_Sharkskin,4.18E-05
PrimaryMaterial_Horse Leather,3.70E-05
PrimaryMaterial_Chevre,3.58E-05
PrimaryMaterial_Minervera Box,3.28E-05
PrimaryMaterial_Badalassi,2.73E-05
PrimaryMaterial_Calfskin,2.21E-05
PrimaryMaterial_Pebbled Leather,2.17E-05
PrimaryMaterial_Buttero leather ,2.01E-05
PrimaryMaterial_Pueblo Leather,1.99E-05
PrimaryMaterial_Embossed Python,6.42E-06
PrimaryMaterial_Premium Canvas,6.35E-06
PrimaryMaterial_Art Wax leather,6.01E-06
PrimaryMaterial_Embossed Calfskin,5.01E-06
PrimaryMaterial_Pig Skin,6.00E-07
PrimaryMaterial_Pitted Calfskin,1.44E-07
